<?xml version="1.0" ?>
<mosinstall type="component">
  <name>zoom</name>
  <creationDate>02/18/2006</creationDate>
  <author>Mike de Boer</author>
  <copyright>This component is released under the GNU/GPL License</copyright>
  <license>http://www.gnu.org/copyleft/gpl.html GNU/GPL</license>
  <authorEmail>mike@zoomfactory.org</authorEmail>
  <authorUrl>www.zoomfactory.org</authorUrl>
  <version>2.5.1 RC4 wk08</version>
  <description>zOOm Media Gallery is a feature packed multi-gallery and multi-media component for the Joomla! CMS</description>
  <files>
    <filename>index.html</filename>
    <filename>zoom.php</filename>
    <filename>docs/Changelog.txt</filename>
    <filename>docs/CODING_STANDARDS.txt</filename>
    <filename>docs/index.html</filename>
    <filename>etc/index.html</filename>
    <filename>etc/admin.css</filename>
    <filename>etc/lightbox.css</filename>
    <filename>etc/popup.css</filename>
    <filename>etc/safemode.php</filename>
    <filename>etc/zoom.css</filename>
    <filename>etc/zoom_config.php</filename>
    <filename>lib/comment.class.php</filename>
    <filename>lib/ecard.class.php</filename>
    <filename>lib/editmon.class.php</filename>
    <filename>lib/ftplib.class.php</filename>
    <filename>lib/gallery.class.php</filename>
    <filename>lib/image.class.php</filename>
    <filename>lib/index.html</filename>
    <filename>lib/inserts.class.php</filename>
    <filename>lib/lightbox.class.php</filename>
    <filename>lib/pdf.class.php</filename>
    <filename>lib/privileges.class.php</filename>
    <filename>lib/toolbox.class.php</filename>
    <filename>lib/UnixPlatform.class.php</filename>
    <filename>lib/update.class.php</filename>
    <filename>lib/WinNtPlatform.class.php</filename>
    <filename>lib/zoom.class.php</filename>
    <filename>lib/getid3/extension.cache.dbm.php</filename>
    <filename>lib/getid3/extension.cache.mysql.php</filename>
    <filename>lib/getid3/getid3.lib.php</filename>
    <filename>lib/getid3/getid3.php</filename>
    <filename>lib/getid3/module.archive.rar.php</filename>
    <filename>lib/getid3/module.archive.szip.php</filename>
    <filename>lib/getid3/module.archive.zip.php</filename>
    <filename>lib/getid3/module.audio.aac.php</filename>
    <filename>lib/getid3/module.audio.ac3.php</filename>
    <filename>lib/getid3/module.audio.au.php</filename>
    <filename>lib/getid3/module.audio.avr.php</filename>
    <filename>lib/getid3/module.audio.bonk.php</filename>
    <filename>lib/getid3/module.audio.flac.php</filename>
    <filename>lib/getid3/module.audio.la.php</filename>
    <filename>lib/getid3/module.audio.lpac.php</filename>
    <filename>lib/getid3/module.audio.midi.php</filename>
    <filename>lib/getid3/module.audio.mod.php</filename>
    <filename>lib/getid3/module.audio.monkey.php</filename>
    <filename>lib/getid3/module.audio.mp3.php</filename>
    <filename>lib/getid3/module.audio.mpc.php</filename>
    <filename>lib/getid3/module.audio.ogg.php</filename>
    <filename>lib/getid3/module.audio.optimfrog.php</filename>
    <filename>lib/getid3/module.audio.rkau.php</filename>
    <filename>lib/getid3/module.audio.shorten.php</filename>
    <filename>lib/getid3/module.audio.tta.php</filename>
    <filename>lib/getid3/module.audio.voc.php</filename>
    <filename>lib/getid3/module.audio.vqf.php</filename>
    <filename>lib/getid3/module.audio.wavpack.php</filename>
    <filename>lib/getid3/module.audio-video.asf.php</filename>
    <filename>lib/getid3/module.audio-video.bink.php</filename>
    <filename>lib/getid3/module.audio-video.matroska.php</filename>
    <filename>lib/getid3/module.audio-video.mpeg.php</filename>
    <filename>lib/getid3/module.audio-video.nsv.php</filename>
    <filename>lib/getid3/module.audio-video.quicktime.php</filename>
    <filename>lib/getid3/module.audio-video.real.php</filename>
    <filename>lib/getid3/module.audio-video.riff.php</filename>
    <filename>lib/getid3/module.audio-video.swf.php</filename>
    <filename>lib/getid3/module.graphic.bmp.php</filename>
    <filename>lib/getid3/module.graphic.gif.php</filename>
    <filename>lib/getid3/module.graphic.jpg.php</filename>
    <filename>lib/getid3/module.graphic.pcd.php</filename>
    <filename>lib/getid3/module.graphic.png.php</filename>
    <filename>lib/getid3/module.graphic.tiff.php</filename>
    <filename>lib/getid3/module.misc.exe.php</filename>
    <filename>lib/getid3/module.misc.iso.php</filename>
    <filename>lib/getid3/module.tag.apetag.php</filename>
    <filename>lib/getid3/module.tag.id3v1.php</filename>
    <filename>lib/getid3/module.tag.id3v2.php</filename>
    <filename>lib/getid3/module.tag.lyrics3.php</filename>
    <filename>lib/getid3/write.apetag.php</filename>
    <filename>lib/getid3/write.id3v1.php</filename>
    <filename>lib/getid3/write.id3v2.php</filename>
    <filename>lib/getid3/write.lyrics3.php</filename>
    <filename>lib/getid3/write.metaflac.php</filename>
    <filename>lib/getid3/write.php</filename>
    <filename>lib/getid3/write.real.php</filename>
    <filename>lib/getid3/write.vorbiscomment.php</filename>
    <filename>lib/iptc/EXIF.php</filename>
    <filename>lib/iptc/EXIF_Makernote.php</filename>
    <filename>lib/iptc/EXIF_Tags.php</filename>
    <filename>lib/iptc/get_casio_thumb.php</filename>
    <filename>lib/iptc/get_exif_thumb.php</filename>
    <filename>lib/iptc/get_JFXX_thumb.php</filename>
    <filename>lib/iptc/get_minolta_thumb.php</filename>
    <filename>lib/iptc/get_ps_thumb.php</filename>
    <filename>lib/iptc/index.html</filename>
    <filename>lib/iptc/IPTC.php</filename>
    <filename>lib/iptc/JFIF.php</filename>
    <filename>lib/iptc/JPEG.php</filename>
    <filename>lib/iptc/Photoshop_File_Info.php</filename>
    <filename>lib/iptc/Photoshop_IRB.php</filename>
    <filename>lib/iptc/PictureInfo.php</filename>
    <filename>lib/iptc/PIM.php</filename>
    <filename>lib/iptc/Unicode.php</filename>
    <filename>lib/iptc/XML.php</filename>
    <filename>lib/iptc/XMP.php</filename>
    <filename>lib/iptc/makernotes/agfa.php</filename>
    <filename>lib/iptc/makernotes/canon.php</filename>
    <filename>lib/iptc/makernotes/casio.php</filename>
    <filename>lib/iptc/makernotes/epson.php</filename>
    <filename>lib/iptc/makernotes/fujifilm.php</filename>
    <filename>lib/iptc/makernotes/index.html</filename>
    <filename>lib/iptc/makernotes/konica_minolta.php</filename>
    <filename>lib/iptc/makernotes/kyocera.php</filename>
    <filename>lib/iptc/makernotes/nikon.php</filename>
    <filename>lib/iptc/makernotes/olympus.php</filename>
    <filename>lib/iptc/makernotes/panasonic.php</filename>
    <filename>lib/iptc/makernotes/Pentax.php</filename>
    <filename>lib/iptc/makernotes/ricoh.php</filename>
    <filename>lib/iptc/makernotes/sony.php</filename>
    <filename>lib/js/button.js</filename>
    <filename>lib/js/contextmenu.js</filename>
    <filename>lib/js/dragdrop.js</filename>
    <filename>lib/js/effects.js</filename>
    <filename>lib/js/mm.js</filename>
    <filename>lib/js/prototype.js</filename>
    <filename>lib/js/scriptaculous.js</filename>
    <filename>lib/js/tjpzoom.js</filename>
    <filename>lib/js/tree.js</filename>
    <filename>lib/js/lightbox.js</filename>
    <filename>lib/jupload/commons-codec-1.3.jar</filename>
    <filename>lib/jupload/commons-httpclient-3.0-rc4.jar</filename>
    <filename>lib/jupload/commons-logging.jar</filename>
    <filename>lib/jupload/index.html</filename>
    <filename>lib/jupload/jupload.config.php</filename>
    <filename>lib/jupload/skinlf/index.html</filename>
    <filename>lib/jupload/skinlf/skinlf-6.2.jar</filename>
    <filename>lib/jupload/skinlf/xpluna.zip</filename>
    <filename>lib/language/brazilian_portuguese.php</filename>
    <filename>lib/language/danish.php</filename>
    <filename>lib/language/dutch.php</filename>
    <filename>lib/language/english.php</filename>
    <filename>lib/language/finnish.php</filename>
    <filename>lib/language/french.php</filename>
    <filename>lib/language/german.php</filename>
    <filename>lib/language/germanf.php</filename>
    <filename>lib/language/germani.php</filename>
    <filename>lib/language/index.html</filename>
    <filename>lib/language/italian.php</filename>
    <filename>lib/language/norwegian.php</filename>
    <filename>lib/language/slovak.php</filename>
    <filename>lib/language/spanish.php</filename>
    <filename>lib/mime/mime.class.php</filename>
    <filename>lib/mime/mime_helper.class.php</filename>
    <filename>lib/mime/mime_parameter.php</filename>
    <filename>lib/template/template.gallery.php</filename>
    <filename>lib/template/template.main.php</filename>
    <filename>lib/template/template.search.php</filename>
    <filename>lib/template/template.view.php</filename>
    <filename>www/ajaxcallback.php</filename>
    <filename>www/config.xml</filename>
    <filename>www/ecard.php</filename>
    <filename>www/galleryshow.php</filename>
    <filename>www/image.php</filename>
    <filename>www/index.html</filename>
    <filename>www/lightbox.php</filename>
    <filename>www/player.php</filename>
    <filename>www/playlist.php</filename>
    <filename>www/search.php</filename>
    <filename>www/special.php</filename>
    <filename>www/view.php</filename>
    <filename>www/zoomplayer.swf</filename>
    <filename>www/flvplayer.swf</filename>
    <filename>www/admin/admin.php</filename>
    <filename>www/admin/catsmgr.php</filename>
    <filename>www/admin/catsmgr.html.php</filename>
    <filename>www/admin/credits.php</filename>
    <filename>www/admin/editimg.php</filename>
    <filename>www/admin/index.html</filename>
    <filename>www/admin/JUpload.jar</filename>
    <filename>www/admin/mediamgr.php</filename>
    <filename>www/admin/movefiles.php</filename>
    <filename>www/admin/save_dnd.php</filename>
    <filename>www/admin/settings.php</filename>
    <filename>www/admin/toolbar.xml.php</filename>
    <filename>www/admin/upl_dragndrop.php</filename>
    <filename>www/admin/upl_multiple.php</filename>
    <filename>www/admin/upl_scan.php</filename>
    <filename>www/admin/upl_single.php</filename>
    <filename>www/admin/upload.php</filename>
    <filename>www/admin/zoomthumb.php</filename>
    <filename>www/dhtmlgoodies/contextmenu.css</filename>
    <filename>www/dhtmlgoodies/tree.css</filename>
    <filename>www/images/index.html</filename>
    <filename>www/images/admin/index.html</filename>
    <filename>www/images/blocks/index.html</filename>
    <filename>www/images/filetypes/index.html</filename>
    <filename>www/images/rating/index.html</filename>
    <filename>www/images/smilies/index.html</filename>
   </files>
  <images>
    <filename>www/images/attilas_id3logo.png</filename>
    <filename>www/images/back.png</filename>
    <filename>www/images/comment.png</filename>
    <filename>www/images/credits.gif</filename>
    <filename>www/images/delete.png</filename>
    <filename>www/images/ecard.png</filename>
    <filename>www/images/ecard_back.png</filename>
    <filename>www/images/ecard_big.png</filename>
    <filename>www/images/ecard_turn.png</filename>
    <filename>www/images/edit.png</filename>
    <filename>www/images/find.png</filename>
    <filename>www/images/first_img.png</filename>
    <filename>www/images/flip_horiz.png</filename>
    <filename>www/images/flip_vert.png</filename>
    <filename>www/images/folder.png</filename>
    <filename>www/images/folder_small.gif</filename>
    <filename>www/images/home.gif</filename>
    <filename>www/images/hotlink.png</filename>
    <filename>www/images/indicator.gif</filename>
    <filename>www/images/last_img.png</filename>
    <filename>www/images/lb_small.png</filename>
    <filename>www/images/lb_view.png</filename>
    <filename>www/images/lightbox.png</filename>
    <filename>www/images/next.png</filename>
    <filename>www/images/noimg.gif</filename>
    <filename>www/images/pin.gif</filename>
    <filename>www/images/play.png</filename>
    <filename>www/images/prev.png</filename>
    <filename>www/images/priv_yes.png</filename>
    <filename>www/images/progress.gif</filename>
    <filename>www/images/publish_g.png</filename>
    <filename>www/images/publish_x.png</filename>
    <filename>www/images/rotate_btn.png</filename>
    <filename>www/images/save.png</filename>
    <filename>www/images/shadow.gif</filename>
    <filename>www/images/shadowAlpha.png</filename>
    <filename>www/images/share_l.png</filename>
    <filename>www/images/share_u.png</filename>
    <filename>www/images/spacer.gif</filename>
    <filename>www/images/stop.png</filename>
    <filename>www/images/tooltip.png</filename>
    <filename>www/images/trash.gif</filename>
    <filename>www/images/unpin.gif</filename>
    <filename>www/images/warning.png</filename>
    <filename>www/images/web.gif</filename>
    <filename>www/images/zoom_dragndrop.gif</filename>
    <filename>www/images/zoom_logo.gif</filename>
    <filename>www/images/zoom_logo_faded.gif</filename>
    <filename>www/images/zoom_logo_faded.png</filename>
    <filename>www/images/zoom_logo_small.gif</filename>
    <filename>www/images/zoom_minus.png</filename>
    <filename>www/images/zoom_plus.png</filename>
    <filename>www/images/admin/arrow_left.png</filename>
    <filename>www/images/admin/arrow_left_f2.png</filename>
    <filename>www/images/admin/arrow_right.png</filename>
    <filename>www/images/admin/arrow_right_f2.png</filename>
    <filename>www/images/admin/catsmgr_f2.png</filename>
    <filename>www/images/admin/delete.png</filename>
    <filename>www/images/admin/delete_f2.png</filename>
    <filename>www/images/admin/edit.png</filename>
    <filename>www/images/admin/edit_f2.png</filename>
    <filename>www/images/admin/logo_swirl.png</filename>
    <filename>www/images/admin/mediamgr_f2.png</filename>
    <filename>www/images/admin/move.png</filename>
    <filename>www/images/admin/move_f2.png</filename>
    <filename>www/images/admin/new.png</filename>
    <filename>www/images/admin/new_f2.png</filename>
    <filename>www/images/admin/ordersave.png</filename>
    <filename>www/images/admin/ordersave_f2.png</filename>
    <filename>www/images/admin/settings_f2.png</filename>
    <filename>www/images/admin/tables_f2.png</filename>
    <filename>www/images/admin/upload_f2.png</filename>
    <filename>www/images/admin/zoomthumb_f2.png</filename>
    <filename>www/images/blocks/arrow_down_grey.png</filename>
    <filename>www/images/blocks/arrow_down_white.png</filename>
    <filename>www/images/blocks/arrow_up_grey.png</filename>
    <filename>www/images/blocks/arrow_up_white.png</filename>
    <filename>www/images/blocks/header.png</filename>
    <filename>www/images/blocks/header_dark.png</filename>   
    <filename>www/images/filetypes/audio.png</filename>
    <filename>www/images/filetypes/document.png</filename>
    <filename>www/images/filetypes/file_broken.png</filename>
    <filename>www/images/filetypes/generic.png</filename>
    <filename>www/images/filetypes/pdf.png</filename>
    <filename>www/images/filetypes/video.png</filename>
    <filename>www/images/lightbox/blank.gif</filename>
	<filename>www/images/lightbox/close.gif</filename>
	<filename>www/images/lightbox/closelabel.gif</filename>
	<filename>www/images/lightbox/loading.gif</filename>
	<filename>www/images/lightbox/next.gif</filename>
	<filename>www/images/lightbox/nextlabel.gif</filename>
	<filename>www/images/lightbox/prev.gif</filename>
	<filename>www/images/lightbox/prevlabel.gif</filename>
    <filename>www/images/rating/full_star.gif</filename>
    <filename>www/images/rating/full_voting_star.gif</filename>
    <filename>www/images/rating/half_star.gif</filename>
    <filename>www/images/rating/half_voting_star.gif</filename>
    <filename>www/images/rating/no_star.gif</filename>
    <filename>www/images/smilies/icon_arrow.gif</filename>
    <filename>www/images/smilies/icon_biggrin.gif</filename>
    <filename>www/images/smilies/icon_confused.gif</filename>
    <filename>www/images/smilies/icon_cool.gif</filename>
    <filename>www/images/smilies/icon_cry.gif</filename>
    <filename>www/images/smilies/icon_eek.gif</filename>
    <filename>www/images/smilies/icon_evil.gif</filename>
    <filename>www/images/smilies/icon_exclaim.gif</filename>
    <filename>www/images/smilies/icon_frown.gif</filename>
    <filename>www/images/smilies/icon_idea.gif</filename>
    <filename>www/images/smilies/icon_lol.gif</filename>
    <filename>www/images/smilies/icon_mad.gif</filename>
    <filename>www/images/smilies/icon_mrgreen.gif</filename>
    <filename>www/images/smilies/icon_neutral.gif</filename>
    <filename>www/images/smilies/icon_question.gif</filename>
    <filename>www/images/smilies/icon_razz.gif</filename>
    <filename>www/images/smilies/icon_redface.gif</filename>
    <filename>www/images/smilies/icon_rolleyes.gif</filename>
    <filename>www/images/smilies/icon_sad.gif</filename>
    <filename>www/images/smilies/icon_smile.gif</filename>
    <filename>www/images/smilies/icon_surprised.gif</filename>
    <filename>www/images/smilies/icon_twisted.gif</filename>
    <filename>www/images/smilies/icon_wink.gif</filename>
    <filename>www/dhtmlgoodies/contextmenu_gradient.gif</filename>
    <filename>www/dhtmlgoodies/dragDrop_ind1.gif</filename>
    <filename>www/dhtmlgoodies/dragDrop_ind2.gif</filename>
    <filename>www/dhtmlgoodies/folder_close.gif</filename>
    <filename>www/dhtmlgoodies/folder_dots.gif</filename>
    <filename>www/dhtmlgoodies/folder_folder.gif</filename>
    <filename>www/dhtmlgoodies/folder_lastsub.gif</filename>
    <filename>www/dhtmlgoodies/folder_open.gif</filename>
    <filename>www/dhtmlgoodies/folder_sub.gif</filename>
    <filename>www/dhtmlgoodies/folder.gif</filename>
    <filename>www/dhtmlgoodies/minus.gif</filename>
    <filename>www/dhtmlgoodies/plus.gif</filename>
    <filename>www/dhtmlgoodies/sheet.gif</filename>
  </images>
  <installfile>install.zoom.php</installfile>
  <uninstallfile>uninstall.zoom.php</uninstallfile>
<administration>
	<menu>zOOm Media Gallery</menu>
	<files>
            <filename>admin.zoom.php</filename>
            <filename>toolbar.zoom.php</filename>
            <filename>images/zoom_menu.png</filename>
	</files>
</administration>
</mosinstall>